"Error code","Object type",Reason,"Row #","Column #",Siret,Nom,adresse,Ville,"Code postal",la,ca,dc,"Tranche Effectif INSEE",Téléphone,"Site Web",Facebook,Twitter,LinkedIn,Email,"Chiffre d'affaires",responsable,Unique_Email,owner,leadStatus,id,Ref,Nom_listing
"DUPLICATE_UNIQUE_PROPERTY_VALUE",Company,"'id_unique' property requires a unique value but was set to a value already in use (details: already used on object id 7292430582)",2,,4725056800020,"SOCIETE DE PARTICIPATION ET D'EXPLOITATION HOTELIERE SOPAROTEL","19 RUE COPERNIC","PARIS 16",75116,"Hôtels et hébergement similaire",5510Z,1974,"10 à 19","+33 1 45 53 14 91",,,,,"contact@victorhugohotel.com",1080941,"Blanc Jacques","contact@victorhugohotel.com",pmonimeau@media-start.fr,NEW,"SOCIETE DE PARTICIPATION ET D'EXPLOITATION HOTELIERE SOPAROTEL+33 1 45 53 14 91",L211,"company copy.csv"
"DUPLICATE_UNIQUE_PROPERTY_VALUE",Company,"'id_unique' property requires a unique value but was set to a value already in use (details: already used on object id 7288570336)",3,,6080321000032,"BENEX INTERNATIONAL","15 RUE DU DIX NEUF JANVIER",GARCHES,92380,"Intermédiaires du commerce en bois et matériaux de construction",4613Z,1984,"1 ou 2","+33 1 47 95 26 95",,,,,,766565,"BARICHELLA GILBERT",,pmonimeau@media-start.fr,NEW,"BENEX INTERNATIONAL+33 1 47 95 26 95",L211,"company copy.csv"
"DUPLICATE_UNIQUE_PROPERTY_VALUE",Company,"'id_unique' property requires a unique value but was set to a value already in use (details: already used on object id 7292370637)",4,,999,"Entreprise Test BlackList du SUD","19 RUE COPERNIC","PARIS 16",75116,"Hôtels et hébergement similaire",5510Z,1974,"10 à 19","+33 1 45 53 14 91",,,,,"contact@victorhugohotel.com",1080941,"Blanc Jacques","contact@victorhugohotel.com",pmonimeau@media-start.fr,NEW,"Entreprise Test BlackList du SUD+33 1 45 53 14 91",L211,"company copy.csv"
"DUPLICATE_UNIQUE_PROPERTY_VALUE",Company,"'id_unique' property requires a unique value but was set to a value already in use (details: already used on object id 7292341946)",5,,6080209700067,"ETABLISSEMENTS TIANO","6 RUE DU GENERAL DELESTRAINT","PARIS 16",75016,"Intermédiaires du commerce en machines, équipements industriels, navires et avions",4614Z,1960,"1 ou 2",,,,,,,619500,"TIANO ALFRED JACQUES",,pmonimeau@media-start.fr,NEW,"ETABLISSEMENTS TIANO",L211,"company copy.csv"
