"Error code","Object type",Reason,"Row #","Column #",Siret,Nom,adresse,Ville,"Code postal",la,ca,dc,"Tranche Effectif INSEE",Téléphone,"Site Web",Facebook,Twitter,LinkedIn,Email,"Chiffre d'affaires",responsable,Unique_Email,owner,leadStatus,id,Ref,Nom_listing
"DUPLICATE_UNIQUE_PROPERTY_VALUE",Company,"'id_unique' property requires a unique value but was set to a value already in use (details: already used on object id 7324863180)",3083,,42179693900013,SEMA,"11 RUE ADOLPHE MILLE","PARIS 19",75019,Supermarchés,4711D,1999,"6 à 9",,,,,,,1445298,"Bihler Denis",,pmonimeau@media-start.fr,NEW,SEMA,L213,company.csv
"DUPLICATE_UNIQUE_PROPERTY_VALUE",Company,"'id_unique' property requires a unique value but was set to a value already in use (details: already used on object id 7324846309)",3727,,79113890200048,"ROYAL CONSTRUCTION","221 RUE LA FAYETTE","PARIS 10",75010,"Travaux de peinture et vitrerie",4334Z,2013,0,,,,,,,828176,"Farretty William",,pmonimeau@media-start.fr,NEW,"ROYAL CONSTRUCTION",L213,company.csv
"DUPLICATE_UNIQUE_PROPERTY_VALUE",Company,"'id_unique' property requires a unique value but was set to a value already in use (details: already used on object id 7324827342)",6342,,41000456800060,"CB OPTIQUE","158 QUAI ADRIEN MENTIENNE",BRY-SUR-MARNE,94360,"Commerces de détail d'optique",4778A,1996,"3 à 5",,,,,,,1131134,"CHENAL Christophe",,pmonimeau@media-start.fr,NEW,"CB OPTIQUE",L213,company.csv
"DUPLICATE_UNIQUE_PROPERTY_VALUE",Company,"'id_unique' property requires a unique value but was set to a value already in use (details: already used on object id 7113530307)",6628,,45151752800027,"FC MICRO","ROC DU CD 35",GOMETZ-LE-CHATEL,91940,"Réparation d'ordinateurs et d'équipements périphériques",9511Z,2003,"10 à 19","+33 1 69 94 10 96",,,,,,823572,"VERBEKEN Carole Chantal",,pmonimeau@media-start.fr,NEW,"FC MICRO+33 1 69 94 10 96",L213,company.csv
"DUPLICATE_UNIQUE_PROPERTY_VALUE",Company,"'id_unique' property requires a unique value but was set to a value already in use (details: already used on object id 7324862196)",6813,,79386698900031,JADE,"95 RUE DE PASSY","PARIS 16",75016,"Commerce de détail de fleurs, plantes, graines, engrais, animaux de compagnie et aliments pour ces animaux en magasin spécialisé",4776Z,2013,"3 à 5",,,,,,,764067,"Teixeira De Miranda Joaquim Antonio",,pmonimeau@media-start.fr,NEW,JADE,L213,company.csv
"DUPLICATE_UNIQUE_PROPERTY_VALUE",Company,"'id_unique' property requires a unique value but was set to a value already in use (details: already used on object id 7324819139)",7230,,83140939600015,CTP,"14 PL DE TROISDORF",EVRY-COURCOURONNES,91000,"Travaux de maçonnerie générale et gros oeuvre de bâtiment",4399C,2017,"10 à 19",,,,,,,1559322,"KAYA Nusret",,pmonimeau@media-start.fr,NEW,CTP,L213,company.csv
"DUPLICATE_UNIQUE_PROPERTY_VALUE",Company,"'id_unique' property requires a unique value but was set to a value already in use (details: already used on object id 6166525896)",7816,,47855322500010,"ACM TECHNOLOGIES","52 RUE D EMERAINVILLE",CROISSY-BEAUBOURG,77183,"Intermédiaires spécialisés dans le commerce d'autres produits spécifiques",4618Z,2004,"1 ou 2","+33 1 60 24 67 22",,,,,,637790,"LENOIR Alain Georges Eugène Charles",,pmonimeau@media-start.fr,NEW,"ACM TECHNOLOGIES+33 1 60 24 67 22",L213,company.csv
"DUPLICATE_UNIQUE_PROPERTY_VALUE",Company,"'id_unique' property requires a unique value but was set to a value already in use (details: already used on object id 7324756446)",7832,,81015784200024,BSB,"CHE DE LESIGNY A LA JONCHERE",LESIGNY,77150,"Travaux de maçonnerie générale et gros oeuvre de bâtiment",4399C,2015,"3 à 5","+33 1 56 81 76 00",,,,,,589737,"BERISHA Samir",,pmonimeau@media-start.fr,NEW,"BSB+33 1 56 81 76 00",L213,company.csv
"DUPLICATE_UNIQUE_PROPERTY_VALUE",Company,"'id_unique' property requires a unique value but was set to a value already in use (details: already used on object id 7324872895)",8035,,81855234100013,"MJ BAT","49 RUE DE PONTHIEU","PARIS 8",75008,"Travaux de peinture et vitrerie",4334Z,2016,"3 à 5",,,,,,,785788,"Jlaiel Mourad",,pmonimeau@media-start.fr,NEW,"MJ BAT",L213,company.csv
"DUPLICATE_UNIQUE_PROPERTY_VALUE",Company,"'id_unique' property requires a unique value but was set to a value already in use (details: already used on object id 7324804087)",9670,,82462437300018,"BRICO BAT","13 ALL ARAGON",AUBERVILLIERS,93300,"Travaux de peinture et vitrerie",4334Z,2017,"10 à 19","+33 6 60 50 52 44",,,,,,664650,"ZALAT Mohamed",,pmonimeau@media-start.fr,NEW,"BRICO BAT+33 6 60 50 52 44",L213,company.csv
"DUPLICATE_UNIQUE_PROPERTY_VALUE",Company,"'id_unique' property requires a unique value but was set to a value already in use (details: already used on object id 7324849116)",9754,,82349272300023,EN-SA,"5 RUE PAUL BERT",MONTFERMEIL,93370,"Commerce de gros (commerce interentreprises) non spécialisé",4690Z,2016,"3 à 5",,,,,,,842737,"SEVINDIK Huseyin",,pmonimeau@media-start.fr,NEW,EN-SA,L213,company.csv
"DUPLICATE_UNIQUE_PROPERTY_VALUE",Company,"'id_unique' property requires a unique value but was set to a value already in use (details: already used on object id 7324757465)",10115,,83925980100018,"A & E","13 BD AUGUSTE BLANQUI","PARIS 13",75013,"Restauration traditionnelle",5610A,2018,"6 à 9",,,,,,,501516,"Hu Ying",,pmonimeau@media-start.fr,NEW,"A & E",L213,company.csv
"DUPLICATE_UNIQUE_PROPERTY_VALUE",Company,"'id_unique' property requires a unique value but was set to a value already in use (details: already used on object id 7324860864)",10405,,52939092400023,"BOUCHERIE DE LA PLACE","5 RUE DE L ABONDANCE",CERGY,95800,"Commerce de détail de viandes et de produits à base de viande en magasin spécialisé",4722Z,2011,"6 à 9",,,,,,,749029,"SEDDAK Hassene",,pmonimeau@media-start.fr,NEW,"BOUCHERIE DE LA PLACE",L213,company.csv
"DUPLICATE_UNIQUE_PROPERTY_VALUE",Company,"'id_unique' property requires a unique value but was set to a value already in use (details: already used on object id 6458673908)",10479,,50006968700027,"ARTY DANDY","3 RUE JACOB","PARIS 6",75006,"Autres commerces de détail spécialisés divers",4778C,2007,"3 à 5","+33 1 43 54 00 36",,,,,hello@artydandy.com,657460,"TEINTURIER Axel",hello@artydandy.com,pmonimeau@media-start.fr,NEW,"ARTY DANDY+33 1 43 54 00 36",L213,company.csv
"DUPLICATE_UNIQUE_PROPERTY_VALUE",Company,"'id_unique' property requires a unique value but was set to a value already in use (details: already used on object id 7324851387)",11421,,82974188300021,"BATI PLUS","125 RUE DIDEROT",DRANCY,93700,"Travaux de plâtrerie",4331Z,2017,"10 à 19","+33 1 43 43 37 34",,,,,,1322156,"LUPU Cosmin Danut",,pmonimeau@media-start.fr,NEW,"BATI PLUS+33 1 43 43 37 34",L213,company.csv
"DUPLICATE_UNIQUE_PROPERTY_VALUE",Company,"'id_unique' property requires a unique value but was set to a value already in use (details: already used on object id 7324770015)",11963,,6080321000032,"BENEX INTERNATIONAL","15 RUE DU DIX NEUF JANVIER",GARCHES,92380,"Intermédiaires du commerce en bois et matériaux de construction",4613Z,1984,"1 ou 2","+33 1 47 95 26 95",,,,,,766565,"BARICHELLA GILBERT",,pmonimeau@media-start.fr,NEW,"BENEX INTERNATIONAL+33 1 47 95 26 95",L213,company.csv
"DUPLICATE_UNIQUE_PROPERTY_VALUE",Company,"'id_unique' property requires a unique value but was set to a value already in use (details: already used on object id 6449374144)",12006,,42143869800019,"ATELIERS SERRURERIES EUROPE","1 RUE TREILHARD","PARIS 8",75008,"Travaux de menuiserie métallique et serrurerie",4332B,1999,"10 à 19","+33 1 45 62 24 80",,,,,,1176855,"FOUDIL DJIDA",,pmonimeau@media-start.fr,NEW,"ATELIERS SERRURERIES EUROPE+33 1 45 62 24 80",L213,company.csv
"DUPLICATE_UNIQUE_PROPERTY_VALUE",Company,"'id_unique' property requires a unique value but was set to a value already in use (details: already used on object id 7324837609)",12340,,48896338000024,"EASY BAT","74 RUE PAUL VAILLANT COUTURIER",MITRY-MORY,77290,"Travaux de maçonnerie générale et gros oeuvre de bâtiment",4399C,2006,"3 à 5",,,,,,,1419316,"FOUCHARD Patrick Jean Michel",,pmonimeau@media-start.fr,NEW,"EASY BAT",L213,company.csv
"DUPLICATE_UNIQUE_PROPERTY_VALUE",Company,"'id_unique' property requires a unique value but was set to a value already in use (details: already used on object id 6586855371)",13348,,45076151500029,GAUGAIN,"6 RUE GOBERT","PARIS 11",75011,"Activités spécialisées de design",7410Z,2003,"1 ou 2","+33 1 55 25 22 84",,,,,contact@gaugain.net,1056413,"GAUGAIN THIERRY LAURENT",contact@gaugain.net,pmonimeau@media-start.fr,NEW,"GAUGAIN+33 1 55 25 22 84",L213,company.csv
"DUPLICATE_UNIQUE_PROPERTY_VALUE",Company,"'id_unique' property requires a unique value but was set to a value already in use (details: already used on object id 6166799824)",13606,,49317908900039,"EXXELL VISION","204 ALL DU FORUM",BOULOGNE-BILLANCOURT,92100,"Commerce de gros (commerce interentreprises) d'autres biens domestiques",4649Z,2006,"6 à 9","+33 1 83 83 50 00",,,,,contact@exxellfix.fr,727539,"ROZOWYKWIAT Jeannie, Ginette",contact@exxellfix.fr,pmonimeau@media-start.fr,NEW,"EXXELL VISION+33 1 83 83 50 00",L213,company.csv
"DUPLICATE_UNIQUE_PROPERTY_VALUE",Company,"'id_unique' property requires a unique value but was set to a value already in use (details: already used on object id 6166780137)",14080,,79050177900033,"MAURICE S AUTOMOBILES","38 AV CLAUDE VELLEFAUX","PARIS 10",75010,"Entretien et réparation de véhicules automobiles légers",4520A,2013,"3 à 5","+33 1 42 81 20 21",,,,,,959608,"Movsisian Arthur",,pmonimeau@media-start.fr,NEW,"MAURICE S AUTOMOBILES+33 1 42 81 20 21",L213,company.csv
"DUPLICATE_UNIQUE_PROPERTY_VALUE",Company,"'id_unique' property requires a unique value but was set to a value already in use (details: already used on object id 7324849913)",14846,,80472559600022,"FRANCE BATIMENT","18 RUE DE LA NOUVELLE FRANCE",AUBERVILLIERS,93300,"Travaux de maçonnerie générale et gros oeuvre de bâtiment",4399C,2014,"1 ou 2",,,,,,,802447,"ARDELEAN Vasile",,pmonimeau@media-start.fr,NEW,"FRANCE BATIMENT",L213,company.csv
"DUPLICATE_UNIQUE_PROPERTY_VALUE",Company,"'id_unique' property requires a unique value but was set to a value already in use (details: already used on object id 7324912343)",15187,,50484716100024,JMP,"12 RUE JEAN NICOT",BRIE-COMTE-ROBERT,77170,"Travaux de maçonnerie générale et gros oeuvre de bâtiment",4399C,2008,"10 à 19",,,,,,,1620433,"DA COSTA MACHADO Joaquim Antonio",,pmonimeau@media-start.fr,NEW,JMP,L213,company.csv
"DUPLICATE_UNIQUE_PROPERTY_VALUE",Company,"'id_unique' property requires a unique value but was set to a value already in use (details: already used on object id 6586900686)",16152,,48754342300023,"JOLY DESIGN","124 RUE REAUMUR","PARIS 2",75002,"Activités spécialisées de design",7410Z,2006,"3 à 5","+33 7 72 33 66 43",,,,,"mfpiquemal@jolydesign.com",1292196,SJH,"mfpiquemal@jolydesign.com",pmonimeau@media-start.fr,NEW,"JOLY DESIGN+33 7 72 33 66 43",L213,company.csv
"DUPLICATE_UNIQUE_PROPERTY_VALUE",Company,"'id_unique' property requires a unique value but was set to a value already in use (details: already used on object id 7324792282)",16985,,4725056800020,"SOCIETE DE PARTICIPATION ET D'EXPLOITATION HOTELIERE SOPAROTEL","19 RUE COPERNIC","PARIS 16",75116,"Hôtels et hébergement similaire",5510Z,1974,"10 à 19","+33 1 45 53 14 91",,,,,"contact@victorhugohotel.com",1080941,"Blanc Jacques","contact@victorhugohotel.com",pmonimeau@media-start.fr,NEW,"SOCIETE DE PARTICIPATION ET D'EXPLOITATION HOTELIERE SOPAROTEL+33 1 45 53 14 91",L213,company.csv
"DUPLICATE_UNIQUE_PROPERTY_VALUE",Company,"'id_unique' property requires a unique value but was set to a value already in use (details: already used on object id 7324840647)",17013,,42982295000011,"GARAGE DU CHEMIN","30 RTE DE MANTES",CHAMBOURCY,78240,"Entretien et réparation de véhicules automobiles légers",4520A,2000,"10 à 19","+33 1 39 65 32 18",,,,,,1157256,"MENDES Joachim",,pmonimeau@media-start.fr,NEW,"GARAGE DU CHEMIN+33 1 39 65 32 18",L213,company.csv
"DUPLICATE_UNIQUE_PROPERTY_VALUE",Company,"'id_unique' property requires a unique value but was set to a value already in use (details: already used on object id 7324366783)",17349,,79071136000046,"AJ BAT","36 RUE DES FONTAINES",SEVRES,92310,"Travaux de maçonnerie générale et gros oeuvre de bâtiment",4399C,2013,"3 à 5",,,,,,,797244,"MACEDON Alexandru",,pmonimeau@media-start.fr,NEW,"AJ BAT",L213,company.csv
"DUPLICATE_UNIQUE_PROPERTY_VALUE",Company,"'id_unique' property requires a unique value but was set to a value already in use (details: already used on object id 7324837109)",17858,,53221703100030,CRISTAL,"38 RUE DE TREVISE","PARIS 9",75009,"Réparation d'articles d'horlogerie et de bijouterie",9525Z,2011,"6 à 9",,,,,,,559913,"Henneron Alexandre",,pmonimeau@media-start.fr,NEW,CRISTAL,L213,company.csv
"DUPLICATE_UNIQUE_PROPERTY_VALUE",Company,"'id_unique' property requires a unique value but was set to a value already in use (details: already used on object id 7113519573)",18519,,43489461400032,TANGKA,"201 RUE DE TOLBIAC","PARIS 13",75013,"Activités des agences de voyage",7911Z,2001,0,"+33 1 45 65 24 04",,,,,canada@tangka.com,1967722,"DINH Hung",canada@tangka.com,pmonimeau@media-start.fr,NEW,"TANGKA+33 1 45 65 24 04",L213,company.csv
"DUPLICATE_UNIQUE_PROPERTY_VALUE",Company,"'id_unique' property requires a unique value but was set to a value already in use (details: already used on object id 6166799583)",18522,,52260553400026,"WORLD TRANSIT DISTRIBUTION CONSULTING","11 BD CLAUDE CHAUVEAU",WISSOUS,91320,"Autres intermédiaires du commerce en produits divers",4619B,2010,"1 ou 2","+33 1 69 30 49 41",,,,,,1052168,"MELLOUL Marlène Esther",,pmonimeau@media-start.fr,NEW,"WORLD TRANSIT DISTRIBUTION CONSULTING+33 1 69 30 49 41",L213,company.csv
"DUPLICATE_UNIQUE_PROPERTY_VALUE",Company,"'id_unique' property requires a unique value but was set to a value already in use (details: already used on object id 7324761316)",19014,,79977253800010,C.R.B,"15 RUE DES MONGAZONS",MAGNANVILLE,78200,"Travaux de maçonnerie générale et gros oeuvre de bâtiment",4399C,2014,"6 à 9",,,,,,,656191,"GUL Erdal",,pmonimeau@media-start.fr,NEW,C.R.B,L213,company.csv
"DUPLICATE_UNIQUE_PROPERTY_VALUE",Company,"'id_unique' property requires a unique value but was set to a value already in use (details: already used on object id 7324827361)",19155,,88215502100026,"DECO BAT","55 AV MARCEAU","PARIS 16",75116,"Travaux de menuiserie bois et pvc",4332A,2020,"3 à 5",,,,,,,1106780,"Jellad Morched",,pmonimeau@media-start.fr,NEW,"DECO BAT",L213,company.csv
"DUPLICATE_UNIQUE_PROPERTY_VALUE",Company,"'id_unique' property requires a unique value but was set to a value already in use (details: already used on object id 7324411839)",19191,,82466328000017,MIGDAL,"6 RUE MONSIGNY","PARIS 2",75002,"Commerce de détail d'habillement en magasin spécialisé",4771Z,2016,"10 à 19",,,,,,,1411764,"CHOURAQUI Dan",,pmonimeau@media-start.fr,NEW,MIGDAL,L213,company.csv
"DUPLICATE_UNIQUE_PROPERTY_VALUE",Company,"'id_unique' property requires a unique value but was set to a value already in use (details: already used on object id 7324757992)",19932,,84096588300019,ECO-BAT,"1 ALL DES GARAYS",PALAISEAU,91120,"Travaux de plâtrerie",4331Z,2018,"1 ou 2",,,,,,,501903,"GUERREAU Anthony",,pmonimeau@media-start.fr,NEW,ECO-BAT,L213,company.csv
"DUPLICATE_UNIQUE_PROPERTY_VALUE",Company,"'id_unique' property requires a unique value but was set to a value already in use (details: already used on object id 7021262025)",20785,,39463385300012,"SOUNDAR TRAVELS","207 RUE DU FBG SAINT DENIS","PARIS 10",75010,"Autres services de réservation et activités connexes",7990Z,1994,"6 à 9","+33 1 42 05 31 87",,,,,"soundar@soundartravels.com",634658,"SOUNDARARADJANE Inc","soundar@soundartravels.com",pmonimeau@media-start.fr,NEW,"SOUNDAR TRAVELS+33 1 42 05 31 87",L213,company.csv
"DUPLICATE_UNIQUE_PROPERTY_VALUE",Company,"'id_unique' property requires a unique value but was set to a value already in use (details: already used on object id 7324761577)",20797,,41831281500016,"BOUCHERIE DU CENTRE","256 AV DAUMESNIL","PARIS 12",75012,"Commerce de détail de viandes et de produits à base de viande en magasin spécialisé",4722Z,1998,"3 à 5","+33 1 42 54 27 21",,,,,,793178,"Debray Romain",,pmonimeau@media-start.fr,NEW,"BOUCHERIE DU CENTRE+33 1 42 54 27 21",L213,company.csv
"DUPLICATE_UNIQUE_PROPERTY_VALUE",Company,"'id_unique' property requires a unique value but was set to a value already in use (details: already used on object id 7324842943)",20925,,80154317400024,EGB,"3 CITE POTTIER","PARIS 19",75019,"Travaux de peinture et vitrerie",4334Z,2014,"3 à 5",,,,,,,731204,"Amjad Waqar",,pmonimeau@media-start.fr,NEW,EGB,L213,company.csv
"DUPLICATE_UNIQUE_PROPERTY_VALUE",Company,"'id_unique' property requires a unique value but was set to a value already in use (details: already used on object id 6667193585)",22188,,80909751200010,"GS BAT","125 BD DIDEROT","PARIS 12",75012,"Travaux de maçonnerie générale et gros oeuvre de bâtiment",4399C,2015,"3 à 5","+33 7 63 77 02 03",,,,,,563454,"Wachnicki Grzegorz",,pmonimeau@media-start.fr,NEW,"GS BAT+33 7 63 77 02 03",L213,company.csv
"DUPLICATE_UNIQUE_PROPERTY_VALUE",Company,"'id_unique' property requires a unique value but was set to a value already in use (details: already used on object id 7324757495)",22355,,50510306900033,RPM,"45 RUE DES FRERES FLAVIEN","PARIS 20",75020,"Commerce de gros (commerce interentreprises) d'habillement et de chaussures",4642Z,2008,"3 à 5",,,,,,,849286,"Choucroun Raphaël",,pmonimeau@media-start.fr,NEW,RPM,L213,company.csv
"DUPLICATE_UNIQUE_PROPERTY_VALUE",Company,"'id_unique' property requires a unique value but was set to a value already in use (details: already used on object id 7324406460)",22432,,44832895500035,OCEAN,"49 RTE D ORLEANS RN 20",MONTLHERY,91310,"Travaux de maçonnerie générale et gros oeuvre de bâtiment",4399C,2003,"6 à 9",,,,,,,568342,"BEYAZIT Fevzi",,pmonimeau@media-start.fr,NEW,OCEAN,L213,company.csv
"DUPLICATE_UNIQUE_PROPERTY_VALUE",Company,"'id_unique' property requires a unique value but was set to a value already in use (details: already used on object id 7324418793)",22510,,79797860800041,"UNIQUE ELEC","293 BD SAINT DENIS",COURBEVOIE,92400,"Travaux d'installation électrique dans tous locaux",4321A,2013,"6 à 9",,,,,,,961969,"Pacuraru Dorin",,pmonimeau@media-start.fr,NEW,"UNIQUE ELEC",L213,company.csv
"DUPLICATE_UNIQUE_PROPERTY_VALUE",Company,"'id_unique' property requires a unique value but was set to a value already in use (details: already used on object id 7324796632)",22831,,81194514600025,"ECO RENOV","3 PAS DU LIMOUSIN",SARCELLES,95200,"Travaux de revêtement des sols et des murs",4333Z,2015,"3 à 5",,,,,,,521649,"IMRAN Khalid",,pmonimeau@media-start.fr,NEW,"ECO RENOV",L213,company.csv
"DUPLICATE_UNIQUE_PROPERTY_VALUE",Company,"'id_unique' property requires a unique value but was set to a value already in use (details: already used on object id 6348178934)",22977,,75197677000022,LARTEC,"218 RTE DE PONTOISE",ARGENTEUIL,95100,"Travaux d'installation d'équipements thermiques et de climatisation",4322B,2012,"10 à 19","+33 9 86 18 29 73",,,,,,1520139,"NOUASRIA Ali",,pmonimeau@media-start.fr,NEW,"LARTEC+33 9 86 18 29 73",L213,company.csv
"DUPLICATE_UNIQUE_PROPERTY_VALUE",Company,"'id_unique' property requires a unique value but was set to a value already in use (details: already used on object id 7324838120)",22996,,82960510400035,BMS,"2 AV QUESNAY",LIVRY-GARGAN,93190,"Travaux de démolition",4311Z,2017,"3 à 5",,,,,,,505033,"BURAK Erdan",,pmonimeau@media-start.fr,NEW,BMS,L213,company.csv
"DUPLICATE_UNIQUE_PROPERTY_VALUE",Company,"'id_unique' property requires a unique value but was set to a value already in use (details: already used on object id 7324821951)",23115,,6080209700067,"ETABLISSEMENTS TIANO","6 RUE DU GENERAL DELESTRAINT","PARIS 16",75016,"Intermédiaires du commerce en machines, équipements industriels, navires et avions",4614Z,1960,"1 ou 2",,,,,,,619500,"TIANO ALFRED JACQUES",,pmonimeau@media-start.fr,NEW,"ETABLISSEMENTS TIANO",L213,company.csv
"DUPLICATE_UNIQUE_PROPERTY_VALUE",Company,"'id_unique' property requires a unique value but was set to a value already in use (details: already used on object id 7175160563)",23119,,48870459400040,"L'AGENCE 41","41 AV DU GENERAL LECLERC",BOULOGNE-BILLANCOURT,92100,"Activités des voyagistes",7912Z,2006,"3 à 5","+33 1 55 60 17 70",,,,,,1547728,"TROTOT-LARRETCHE Emmanuel",,pmonimeau@media-start.fr,NEW,"L'AGENCE 41+33 1 55 60 17 70",L213,company.csv
"DUPLICATE_UNIQUE_PROPERTY_VALUE",Company,"'id_unique' property requires a unique value but was set to a value already in use (details: already used on object id 7324405946)",23303,,43145855300028,NUANCES,"36 RUE JEAN MERMOZ","PARIS 8",75008,"Travaux de maçonnerie générale et gros oeuvre de bâtiment",4399C,2000,0,,,,,,,659100,"RICHARD SOPHIE",,pmonimeau@media-start.fr,NEW,NUANCES,L213,company.csv
"DUPLICATE_UNIQUE_PROPERTY_VALUE",Company,"'id_unique' property requires a unique value but was set to a value already in use (details: already used on object id 7324809147)",23482,,82094558200022,ELIE,"9 RUE J ET E MONTGOLFIER",ROSNY-SOUS-BOIS,93110,"Services des traiteurs",5621Z,2016,"3 à 5",,,,,,,1609356,"CHOURAQUI Elie Abraham",,pmonimeau@media-start.fr,NEW,ELIE,L213,company.csv
"DUPLICATE_UNIQUE_PROPERTY_VALUE",Company,"'id_unique' property requires a unique value but was set to a value already in use (details: already used on object id 7324430062)",24580,,52993283200023,ISOBAT,"12 AV MARCEL DASSAULT",MONTFERMEIL,93370,"Travaux d'isolation",4329A,2011,"3 à 5",,,,,,,844968,"JUNGER Krzysztof",,pmonimeau@media-start.fr,NEW,ISOBAT,L213,company.csv
"DUPLICATE_UNIQUE_PROPERTY_VALUE",Company,"'id_unique' property requires a unique value but was set to a value already in use (details: already used on object id 7324814559)",24749,,49492409500016,"MB FRANCE","320 RUE SAINT HONORE","PARIS 1",75001,"Commerce de gros (commerce interentreprises) de machines-outils",4662Z,2007,"3 à 5","+33 1 40 26 10 78",,,,,,504785,"AZZOLIN Guido",,pmonimeau@media-start.fr,NEW,"MB FRANCE+33 1 40 26 10 78",L213,company.csv
"DUPLICATE_UNIQUE_PROPERTY_VALUE",Company,"'id_unique' property requires a unique value but was set to a value already in use (details: already used on object id 7324820179)",24818,,81939521100017,EUROBAT,"25 RUE DES DEUX COMMUNES",MONTREUIL,93100,"Travaux de maçonnerie générale et gros oeuvre de bâtiment",4399C,2016,"3 à 5",,,,,,,854658,"WEDN Khaled",,pmonimeau@media-start.fr,NEW,EUROBAT,L213,company.csv
"DUPLICATE_UNIQUE_PROPERTY_VALUE",Company,"'id_unique' property requires a unique value but was set to a value already in use (details: already used on object id 7021117135)",24950,,42429943600107,"IMPACT VOYAGES","16 RUE PARROT","PARIS 12",75012,"Activités des agences de voyage",7911Z,1999,"10 à 19","+33 1 43 45 93 93",,,,,contact@impactvoyages.fr,1498572,"SLAMA JOSEPH",contact@impactvoyages.fr,pmonimeau@media-start.fr,NEW,"IMPACT VOYAGES+33 1 43 45 93 93",L213,company.csv
"DUPLICATE_UNIQUE_PROPERTY_VALUE",Company,"'id_unique' property requires a unique value but was set to a value already in use (details: already used on object id 7324434120)",25012,,48868420000022,SIMON,"100 AV DU GENERAL LECLERC",PANTIN,93500,"Travaux de plâtrerie",4331Z,2006,"3 à 5",,,,,,,695055,"SIMEONOVIC Slavoljub",,pmonimeau@media-start.fr,NEW,SIMON,L213,company.csv
"DUPLICATE_UNIQUE_PROPERTY_VALUE",Company,"'id_unique' property requires a unique value but was set to a value already in use (details: already used on object id 7324874221)",25242,,85368850500025,MSB,"143 AV VICTOR HUGO",AUBERVILLIERS,93300,"Travaux d'installation d'eau et de gaz en tous locaux",4322A,2019,"6 à 9",,,,,,,1160904,"Abbas Waseem",,pmonimeau@media-start.fr,NEW,MSB,L213,company.csv
"DUPLICATE_UNIQUE_PROPERTY_VALUE",Company,"'id_unique' property requires a unique value but was set to a value already in use (details: already used on object id 7324411590)",25299,,34125512300034,ADM,"27 AV DU FIEF","SAINT OUEN L'AUMONE",95310,"Mécanique industrielle",2562B,1987,"1 ou 2",,,,,,,612179,"DOHAL ANDRE DANIEL",,pmonimeau@media-start.fr,NEW,ADM,L213,company.csv
"DUPLICATE_UNIQUE_PROPERTY_VALUE",Company,"'id_unique' property requires a unique value but was set to a value already in use (details: already used on object id 7324423911)",25508,,39970433700027,"GARAGE DES COTTAGES","127 AV PIERRE CURIE","SAINT CYR L'ECOLE",78210,"Commerce de voitures et de véhicules automobiles légers",4511Z,1995,"6 à 9","+33 1 30 45 37 78",,,,,,1081330,"LOPES FERNANDES CARLOS MANUEL",,pmonimeau@media-start.fr,NEW,"GARAGE DES COTTAGES+33 1 30 45 37 78",L213,company.csv
"DUPLICATE_UNIQUE_PROPERTY_VALUE",Company,"'id_unique' property requires a unique value but was set to a value already in use (details: already used on object id 7324818885)",25791,,84356754600018,"SK BAT","11 AV CHARLES DE GAULLE",BOISSY-SAINT-LEGER,94470,"Travaux d'installation électrique dans tous locaux",4321A,2018,"6 à 9",,,,,,,820982,"KHAN Muhammad Shahzad",,pmonimeau@media-start.fr,NEW,"SK BAT",L213,company.csv
"DUPLICATE_UNIQUE_PROPERTY_VALUE",Company,"'id_unique' property requires a unique value but was set to a value already in use (details: already used on object id 7324849913)",25855,,79392054700031,"FRANCE BATIMENT","22 RUE GEORGEON",THIAIS,94320,"Travaux de peinture et vitrerie",4334Z,2013,"10 à 19",,,,,,,1117122,"RIFQUI Ismail",,pmonimeau@media-start.fr,NEW,"FRANCE BATIMENT",L213,company.csv
"DUPLICATE_UNIQUE_PROPERTY_VALUE",Company,"'id_unique' property requires a unique value but was set to a value already in use (details: already used on object id 6458728406)",25940,,30266463600016,AUBERCY,"34 RUE VIVIENNE","PARIS 2",75002,"Commerce de détail de la chaussure",4772A,1959,"1 ou 2","+33 1 42 33 93 61",,,,,,858453,"Aubercy Xavier",,pmonimeau@media-start.fr,NEW,"AUBERCY+33 1 42 33 93 61",L213,company.csv
"DUPLICATE_UNIQUE_PROPERTY_VALUE",Company,"'id_unique' property requires a unique value but was set to a value already in use (details: already used on object id 7324936926)",25968,,43318934700027,"C & M","108 AV ROGER SALENGRO",SAVIGNY-SUR-ORGE,91600,"Travaux de maçonnerie générale et gros oeuvre de bâtiment",4399C,2000,0,,,,,,sarlcetm@orange.fr,1523536,"TOME MARTINS Paulo Jorge",sarlcetm@orange.fr,pmonimeau@media-start.fr,NEW,"C & M",L213,company.csv
"DUPLICATE_UNIQUE_PROPERTY_VALUE",Company,"'id_unique' property requires a unique value but was set to a value already in use (details: already used on object id 7324837068)",26306,,84524135500013,EZEL,"RUE DE LA PREVENDERIE",COIGNIERES,78310,"Restauration de type rapide",5610C,2019,"10 à 19",,,,,,,635850,"KODAS Erdal",,pmonimeau@media-start.fr,NEW,EZEL,L213,company.csv
"DUPLICATE_UNIQUE_PROPERTY_VALUE",Company,"'id_unique' property requires a unique value but was set to a value already in use (details: already used on object id 7324937417)",26517,,82043263100019,ALBAT,"130 AV ARISTIDE BRIAND","LES PAVILLONS-SOUS-BOIS",93320,"Travaux de menuiserie bois et pvc",4332A,2016,"3 à 5",,,,,,,702338,"IVICEVIC Aleksandar",,pmonimeau@media-start.fr,NEW,ALBAT,L213,company.csv
"DUPLICATE_UNIQUE_PROPERTY_VALUE",Company,"'id_unique' property requires a unique value but was set to a value already in use (details: already used on object id 7324865526)",26789,,84802475800023,FERMAN,"4 RUE JEAN MONNET",SAINT-BRICE-SOUS-FORET,95350,"Commerce de détail de viandes et de produits à base de viande en magasin spécialisé",4722Z,2019,"6 à 9",,,,,,,1758988,"POLAT Zeki",,pmonimeau@media-start.fr,NEW,FERMAN,L213,company.csv
"DUPLICATE_UNIQUE_PROPERTY_VALUE",Company,"'id_unique' property requires a unique value but was set to a value already in use (details: already used on object id 7324369861)",27127,,81892726100029,VAVA,"42 RUE VERON","PARIS 18",75018,"Restauration traditionnelle",5610A,2016,"6 à 9","+33 1 53 41 15 40",,,,,,501123,"Nicaise Enzo",,pmonimeau@media-start.fr,NEW,"VAVA+33 1 53 41 15 40",L213,company.csv
"DUPLICATE_UNIQUE_PROPERTY_VALUE",Company,"'id_unique' property requires a unique value but was set to a value already in use (details: already used on object id 7324369852)",27246,,79011317900051,ALPHA-VO.COM,"7 PL DU 11 NOVEMBRE 1918",BOBIGNY,93000,"Commerce de voitures et de véhicules automobiles légers",4511Z,2012,"1 ou 2",,,,,,,796508,"BOUZID Walid",,pmonimeau@media-start.fr,NEW,ALPHA-VO.COM,L213,company.csv
"DUPLICATE_UNIQUE_PROPERTY_VALUE",Company,"'id_unique' property requires a unique value but was set to a value already in use (details: already used on object id 7324866768)",27377,,84915506400025,SBR,"14 ALL DE DUBLIN","LES PAVILLONS-SOUS-BOIS",93320,"Travaux de maçonnerie générale et gros oeuvre de bâtiment",4399C,2019,"6 à 9",,,,,,,1663067,"RISTIC Sasa",,pmonimeau@media-start.fr,NEW,SBR,L213,company.csv
"DUPLICATE_UNIQUE_PROPERTY_VALUE",Company,"'id_unique' property requires a unique value but was set to a value already in use (details: already used on object id 7324807413)",27497,,82036602900016,ALEX,"68 BD DE LA CHAPELLE","PARIS 18",75018,Supérettes,4711C,2016,"6 à 9",,,,,,,955774,"Kisaoglu Asef",,pmonimeau@media-start.fr,NEW,ALEX,L213,company.csv
"DUPLICATE_UNIQUE_PROPERTY_VALUE",Company,"'id_unique' property requires a unique value but was set to a value already in use (details: already used on object id 7324839628)",27629,,42309804500028,"BOUCHERIE EL BARAKA","7 RUE DE LA DIVISION LECLERC",SAULX-LES-CHARTREUX,91160,"Commerce de détail alimentaire sur éventaires et marchés",4781Z,1999,"1 ou 2",,,,,,,615890,"BELKHEIR Said",,pmonimeau@media-start.fr,NEW,"BOUCHERIE EL BARAKA",L213,company.csv
"DUPLICATE_UNIQUE_PROPERTY_VALUE",Company,"'id_unique' property requires a unique value but was set to a value already in use (details: already used on object id 7324829914)",28419,,84788687600022,CBF,"108 CHE DE GROSLAY",BONDY,93140,"Travaux de maçonnerie générale et gros oeuvre de bâtiment",4399C,2019,"1 ou 2",,,,,,,618173,"MORARU Alina",,pmonimeau@media-start.fr,NEW,CBF,L213,company.csv
"DUPLICATE_UNIQUE_PROPERTY_VALUE",Company,"'id_unique' property requires a unique value but was set to a value already in use (details: already used on object id 7324827342)",28602,,80273490500036,"CB OPTIQUE","158 QUAI ADRIEN MENTIENNE",BRY-SUR-MARNE,94360,"Commerces de détail d'optique",4778A,2014,"3 à 5",,,,,,,535242,"CHENAL Christophe Jacques",,pmonimeau@media-start.fr,NEW,"CB OPTIQUE",L213,company.csv
"DUPLICATE_UNIQUE_PROPERTY_VALUE",Company,"'id_unique' property requires a unique value but was set to a value already in use (details: already used on object id 7324861903)",28783,,79162332500010,A.M.A.,"1 AV ALCIME ALBERT",COLOMBES,92700,"Travaux de plâtrerie",4331Z,2013,"6 à 9",,,,,,,505562,"ROTARU Andréi",,pmonimeau@media-start.fr,NEW,A.M.A.,L213,company.csv
"DUPLICATE_UNIQUE_PROPERTY_VALUE",Company,"'id_unique' property requires a unique value but was set to a value already in use (details: already used on object id 7324866498)",28881,,51850501100024,"B&C","4 AV PABLO NERUDA",TREMBLAY-EN-FRANCE,93290,"Travaux de plâtrerie",4331Z,2009,"6 à 9",,,,,,,1252688,"QUINAS Ana Maria",,pmonimeau@media-start.fr,NEW,"B&C",L213,company.csv
"DUPLICATE_UNIQUE_PROPERTY_VALUE",Company,"'id_unique' property requires a unique value but was set to a value already in use (details: already used on object id 7324887238)",29103,,80916152400040,MCM,"27 AV AMPERE",WISSOUS,91320,"Fabrication de structures métalliques et de parties de structures",2511Z,2015,"10 à 19",,,,,,,1163270,"Financière Galaad",,pmonimeau@media-start.fr,NEW,MCM,L213,company.csv
"DUPLICATE_UNIQUE_PROPERTY_VALUE",Company,"'id_unique' property requires a unique value but was set to a value already in use (details: already used on object id 7324807413)",29233,,79984956700018,ALEX,"253 BD ARISTIDE BRIAND",MONTREUIL,93100,"Commerce d'alimentation générale",4711B,2014,"3 à 5",,,,,,,939151,"ALTINDAGOGLU Mihail",,pmonimeau@media-start.fr,NEW,ALEX,L213,company.csv
"DUPLICATE_UNIQUE_PROPERTY_VALUE",Company,"'id_unique' property requires a unique value but was set to a value already in use (details: already used on object id 7324853184)",29576,,40984454500023,HUGO,"18 RUE DES MARGUETTES","PARIS 12",75012,"Restauration traditionnelle",5610A,1996,"1 ou 2",,,,,,,837223,"REBUZZI LAURENT",,pmonimeau@media-start.fr,NEW,HUGO,L213,company.csv
