"Error code","Object type",Reason,"Row #","Column #",Siret,Nom,adresse,Ville,"Code postal",la,ca,dc,"Tranche Effectif INSEE",Téléphone,"Site Web",Facebook,Twitter,LinkedIn,Email,"Chiffre d'affaires",responsable,Unique_Email,owner,leadStatus,id,Ref,Nom_listing
"DUPLICATE_UNIQUE_PROPERTY_VALUE",Company,"'id_unique' property requires a unique value but was set to a value already in use (details: already used on object id 7545105370)",2,,13000460900058,"CHAMBRE DE COMMERCE D INDUSTRIE DE MAINE LOIRE","132 AV DE LATTRE DE TASSIGNY",ANGERS,49000.0,"Formation continue d'adultes",8559A,2008,"3 à 5","+33 2 41 74 70 00",institutdebijouterie.fr,"https://www.facebook.com/InstitutdebijouteriedeSaumur/",,,"cfe.angers@maineetloire.cci.fr",,,"cfe.angers@maineetloire.cci.fr",pmonimeau@media-start.fr,NEW,"CHAMBRE DE COMMERCE D INDUSTRIE DE MAINE LOIRE+33 2 41 74 70 00",L272,"Formation continue.csv"
"DUPLICATE_UNIQUE_PROPERTY_VALUE",Company,"'id_unique' property requires a unique value but was set to a value already in use (details: already used on object id 7545107428)",3,,12002001101619,"DIRECTION DES RESSOURCES HUMAINES DES MINISTERES ECONOMIQUES ET FINANCIERS","20 ALL GEORGES POMPIDOU",VINCENNES,94300.0,"Formation continue d'adultes",8559A,1981,"1000 à 1999","+33 1 58 64 81 08",economie.gouv.fr,"http://facebook.com/blm27/","https://twitter.com/dgccrf","https://fr.linkedin.com/in/alicezagu",,,,,pmonimeau@media-start.fr,NEW,"DIRECTION DES RESSOURCES HUMAINES DES MINISTERES ECONOMIQUES ET FINANCIERS+33 1 58 64 81 08",L272,"Formation continue.csv"
"DUPLICATE_UNIQUE_PROPERTY_VALUE",Company,"'id_unique' property requires a unique value but was set to a value already in use (details: already used on object id 7544988390)",4,,12002701600167,"INSTITUT NATIONAL DE LA STATISTIQUE ET DES ETUDES ECONOMIQUES","3 RUE DE LA CITE",LIBOURNE,33500.0,"Formation continue d'adultes",8559A,1983,"5000 à 9999","+33 5 57 55 56 00","http://www.cefil.insee.fr/cont.php",,,,,,,,pmonimeau@media-start.fr,NEW,"INSTITUT NATIONAL DE LA STATISTIQUE ET DES ETUDES ECONOMIQUES+33 5 57 55 56 00",L272,"Formation continue.csv"
"DUPLICATE_UNIQUE_PROPERTY_VALUE",Company,"'id_unique' property requires a unique value but was set to a value already in use (details: already used on object id 7545103807)",5,,5439625400028,ALOALO,"1 RUE DE LA MOSQUEE",MAMOUDZOU,97600.0,"Formation continue d'adultes",8559A,2004,,"+33 2 69 61 34 34",http://www.aloalo.fr/,,,,,391589.0,"ADOUSSO Donan William",,pmonimeau@media-start.fr,NEW,"ALOALO+33 2 69 61 34 34",L272,"Formation continue.csv"
