"Error code","Object type",Reason,"Row #","Column #",Lead,Status,Amount,Téléphone,E-mail,Site,User,MEDIA,Provenance,Pipeline
DUPLICATE_ROW_CONTENT,,"This row has the same content as one of the previous 4 rows",1116,,"Hastone & Ten","Fermé perdu",,"+33 5 34 33 95 01","p.jeannesson@hastone-et-ten.fr","https://www.hastone-ten.fr","Titouan Favereau","Le Point",NO-CRM,"Pipeline Sales"
DUPLICATE_ROW_CONTENT,,"This row has the same content as one of the previous 4 rows",4101,,"Concilio Pro","Fermé perdu",,"+33 1 84 20 48 44",contact@concilio.com,http://pro.concilio.com,"Marie Boitard","Le Point",NO-CRM,"Pipeline Sales"
DUPLICATE_ROW_CONTENT,,"This row has the same content as one of the previous 4 rows",5489,,"Atol Conseils et Développements","Fermé perdu",,"+33 3 80 68 81 68",contact@atolcd.com,https://www.atolcd.com,"Marie Boitard","Le Point",NO-CRM,"Pipeline Sales"
"INVALID_ENUMERATION_OPTION",Deal,"'Sciences & Avenir' (from the 'media' column) can't be processed because it doesn't match existing options defined for this property. Update 'Sciences & Avenir' in your import file to match an existing option, or add it to the property as a custom option.",7054,8,Theodor,"Fermé perdu",,0134778585 ,boutique@sfto1842.com,,"Titouan Favereau","Sciences & Avenir",NO-CRM,"Pipeline Sales"
"INVALID_ENUMERATION_OPTION",Deal,"'Sciences & Avenir' (from the 'media' column) can't be processed because it doesn't match existing options defined for this property. Update 'Sciences & Avenir' in your import file to match an existing option, or add it to the property as a custom option.",7157,8,Cuidam,"Fermé perdu",,"+33 7 56 80 60 36",,,"Titouan Favereau","Sciences & Avenir",NO-CRM,"Pipeline Sales"
"INVALID_ENUMERATION_OPTION",Deal,"'Sciences & Avenir' (from the 'media' column) can't be processed because it doesn't match existing options defined for this property. Update 'Sciences & Avenir' in your import file to match an existing option, or add it to the property as a custom option.",7162,8,Womum,"Fermé perdu",,"07 67 77 22 61",contact@womumbox.com,"https://womumbox.com/?utm_source=JaimeLesStartups","Titouan Favereau","Sciences & Avenir",NO-CRM,"Pipeline Sales"
"INVALID_ENUMERATION_OPTION",Deal,"'Sciences & Avenir' (from the 'media' column) can't be processed because it doesn't match existing options defined for this property. Update 'Sciences & Avenir' in your import file to match an existing option, or add it to the property as a custom option.",7249,8,Reglo,"Fermé perdu",,"01 87 20 02 40",bonjour@reglo.fr,,"Titouan Favereau","Sciences & Avenir",NO-CRM,"Pipeline Sales"
"INVALID_ENUMERATION_OPTION",Deal,"'Sciences & Avenir' (from the 'media' column) can't be processed because it doesn't match existing options defined for this property. Update 'Sciences & Avenir' in your import file to match an existing option, or add it to the property as a custom option.",7250,8,"L:A Bruket","Fermé perdu",,"06 46 83 11 78",zoe.botte@labruket.com,,"Titouan Favereau","Sciences & Avenir",NO-CRM,"Pipeline Sales"
"INVALID_ENUMERATION_OPTION",Deal,"'Le Point,Challenges' (from the 'media' column) can't be processed because it doesn't match existing options defined for this property. Update 'Le Point,Challenges' in your import file to match an existing option, or add it to the property as a custom option.",7275,8,"Agence WEB 3WPROJETS","Fermé perdu",,"+33 9 83 50 16 16",,"https://www.creation-site-web.website","Pierre-Emmanuel Godeau","Le Point,Challenges",NO-CRM,"Pipeline Sales"
"INVALID_ENUMERATION_OPTION",Deal,"'Sciences & Avenir' (from the 'media' column) can't be processed because it doesn't match existing options defined for this property. Update 'Sciences & Avenir' in your import file to match an existing option, or add it to the property as a custom option.",7310,8,Elephas,"Fermé perdu",2900.0,"06 07 69 73 38","olivier.behra@connectedbeautys.com",,"Titouan Favereau","Sciences & Avenir",NO-CRM,"Pipeline Sales"
"INVALID_ENUMERATION_OPTION",Deal,"'Sciences & Avenir' (from the 'media' column) can't be processed because it doesn't match existing options defined for this property. Update 'Sciences & Avenir' in your import file to match an existing option, or add it to the property as a custom option.",7311,8,"My levain","Fermé perdu",,"07 82 26 26 90",contact@mylevain.com,,"Titouan Favereau","Sciences & Avenir",NO-CRM,"Pipeline Sales"
"INVALID_ENUMERATION_OPTION",Deal,"'Sciences & Avenir' (from the 'media' column) can't be processed because it doesn't match existing options defined for this property. Update 'Sciences & Avenir' in your import file to match an existing option, or add it to the property as a custom option.",7313,8,OLYTHE,"Qualifié pour acheter",,"+33 (0)4 42 52 62 39",,,"Titouan Favereau","Sciences & Avenir",NO-CRM,"Pipeline Sales"
"INVALID_ENUMERATION_OPTION",Deal,"'Sciences & Avenir' (from the 'media' column) can't be processed because it doesn't match existing options defined for this property. Update 'Sciences & Avenir' in your import file to match an existing option, or add it to the property as a custom option.",7328,8,Biocinov,"Fermé perdu",,"04 81 91 31 45",contact@biocinov.fr,,"Titouan Favereau","Sciences & Avenir",NO-CRM,"Pipeline Sales"
"INVALID_ENUMERATION_OPTION",Deal,"'Sciences & Avenir' (from the 'media' column) can't be processed because it doesn't match existing options defined for this property. Update 'Sciences & Avenir' in your import file to match an existing option, or add it to the property as a custom option.",7329,8,KÉABOT,"Fermé perdu",,0662437369,hello@keabot.fr,,"Titouan Favereau","Sciences & Avenir",NO-CRM,"Pipeline Sales"
"INVALID_ENUMERATION_OPTION",Deal,"'Sciences & Avenir' (from the 'media' column) can't be processed because it doesn't match existing options defined for this property. Update 'Sciences & Avenir' in your import file to match an existing option, or add it to the property as a custom option.",7330,8,Omena,"Fermé perdu",,,contact@omena.app,,"Titouan Favereau","Sciences & Avenir",NO-CRM,"Pipeline Sales"
"INVALID_ENUMERATION_OPTION",Deal,"'Sciences & Avenir' (from the 'media' column) can't be processed because it doesn't match existing options defined for this property. Update 'Sciences & Avenir' in your import file to match an existing option, or add it to the property as a custom option.",7338,8,Igrane,"Qualifié pour acheter",,,,,"Titouan Favereau","Sciences & Avenir",NO-CRM,"Pipeline Sales"
"INVALID_ENUMERATION_OPTION",Deal,"'Sciences & Avenir' (from the 'media' column) can't be processed because it doesn't match existing options defined for this property. Update 'Sciences & Avenir' in your import file to match an existing option, or add it to the property as a custom option.",7340,8,"Mister coocky","Qualifié pour acheter",,"06 71 64 20 76",,,"Titouan Favereau","Sciences & Avenir",NO-CRM,"Pipeline Sales"
"INVALID_ENUMERATION_OPTION",Deal,"'Sciences & Avenir' (from the 'media' column) can't be processed because it doesn't match existing options defined for this property. Update 'Sciences & Avenir' in your import file to match an existing option, or add it to the property as a custom option.",7342,8,"Pulpe de vie","Fermé perdu",,"09 72 53 51 75",,,"Titouan Favereau","Sciences & Avenir",NO-CRM,"Pipeline Sales"
"INVALID_ENUMERATION_OPTION",Deal,"'Sciences & Avenir' (from the 'media' column) can't be processed because it doesn't match existing options defined for this property. Update 'Sciences & Avenir' in your import file to match an existing option, or add it to the property as a custom option.",7345,8,Anotherway,"Qualifié pour acheter",,"07 56 81 14 23",,,"Titouan Favereau","Sciences & Avenir",NO-CRM,"Pipeline Sales"
